segment_id,observations,congested_observations,congestion_frequency,peak_congested_observations,average_speed,average_flow,average_congestion,average_delay,average_queue,congestion_frequency_pct,bottleneck_type,bottleneck_score
R0312,4317,2459,0.5696085244382673,1339,28.084593467685895,635.5287468149178,0.06384595784109336,0.2669738244151031,11.988881167477414,56.960852443826724,Recurring Bottleneck,50.39573004371549
R0119,4317,2448,0.5670604586518415,1329,28.078737549223998,1912.348019457957,0.06404292332638406,0.23695760945100766,39.360342830669445,56.70604586518415,Recurring Bottleneck,48.025618080203216
R0108,4317,2430,0.5628908964558721,1347,28.16035904563354,1891.407250405374,0.06132351169793839,0.23421380588371554,33.69284225156358,56.28908964558721,Recurring Bottleneck,47.530009883235344
R0402,4317,2401,0.5561732684734769,1336,28.178976140838547,624.3893212879315,0.06070192263145704,0.20123442205235118,10.267871206856613,55.61732684734769,Recurring Bottleneck,44.704882027863746
R0068,4317,2335,0.5408848737549224,1308,28.29212184387306,1207.823812832986,0.0569288858003243,0.20795899930507297,15.835950891823027,54.08848737549224,Recurring Bottleneck,44.331032338822574
R0124,4317,2396,0.5550150567523743,1348,28.1902084781098,1248.9799397729905,0.06032768126013435,0.18901065554783414,20.733819782256194,55.501505675237425,Recurring Bottleneck,43.72001991608163
R0281,4317,2434,0.5638174658327543,1353,37.533845262914056,1875.041440815381,0.06165353254574936,0.17934352559647904,30.93842946490619,56.38174658327543,Recurring Bottleneck,43.47571803926067
R0286,4317,2219,0.5140143618253417,1291,28.439122075515403,1181.574797312949,0.05202802872365068,0.21252629140606902,12.609636321519574,51.40143618253417,Recurring Bottleneck,43.18263255021023
R0195,4317,2435,0.5640491081769747,1347,28.149015520037064,1891.4808200138987,0.06169935140143619,0.1751602965022006,32.75388000926569,56.40491081769747,Recurring Bottleneck,43.17529467940282
R0172,4317,2457,0.5691452397498262,1364,37.436038915913834,1271.617882788974,0.06409872596710679,0.16822492471623812,22.808987722955756,56.91452397498262,Recurring Bottleneck,42.98253000154302
R0096,4317,2397,0.5552466990965949,1337,37.62563354181144,1241.5324530924252,0.059358744498494334,0.17104239054899234,19.4347695158675,55.52466990965949,Recurring Bottleneck,42.35646955615594
R0317,4317,2410,0.5582580495714616,1330,28.185119295807276,1876.2916145471393,0.06049793838313644,0.1616048181607598,30.298146861246238,55.82580495714616,Recurring Bottleneck,41.83421197162036
R0302,4317,2327,0.5390317350011582,1322,37.72164697706741,1215.7542506370164,0.05695876766272875,0.16741162844567986,17.46138522121844,53.90317350011582,Recurring Bottleneck,41.20172920119798
R0114,4317,2343,0.5427380125086866,1330,28.27400277970813,1219.7388927495945,0.05753175816539263,0.15410979847116055,16.320824646745425,54.27380125086866,Recurring Bottleneck,40.407747074046945
R0080,4317,2286,0.5295343988881167,1322,28.365318508223304,1201.2908037989346,0.054489483437572386,0.16217465832754227,13.994301598332175,52.95343988881167,Recurring Bottleneck,40.260464470914584
R0058,4317,2422,0.561037757702108,1348,46.859490386842715,633.361964327079,0.0628094510076442,0.1349583043780403,11.608292795923095,56.103775770210795,Recurring Bottleneck,40.04636099397467
R0304,4317,2271,0.5260597637248089,1303,37.88536715311559,1184.967338429465,0.05286673615936993,0.16070581422283994,14.578318276580958,52.60597637248089,Recurring Bottleneck,39.92801414339747
R0102,4317,2407,0.5575631225388001,1340,47.037125318508224,1862.5932360435488,0.059257678943710916,0.13652744961779015,27.739610840861708,55.75631225388001,Recurring Bottleneck,39.88362612702364
R0254,4317,2437,0.5645123928654158,1318,28.309724345610377,614.8826499884178,0.056342019921241604,0.12552953439888814,12.260667129951356,56.45123928654158,Recurring Bottleneck,39.3197283133922
R0277,4317,2367,0.5482974287699791,1338,28.232557331480194,1229.017836460505,0.05891463979615474,0.1343567292100996,16.480171415334723,54.82974287699791,Recurring Bottleneck,39.24743415138601
R0391,4317,2481,0.5747046560111189,1363,46.865341672457724,1269.303683113273,0.06269156821867038,0.11454134815844337,23.684109335186474,57.47046560111188,Recurring Bottleneck,39.19666519146522
R0345,4317,2459,0.5696085244382673,1349,37.45874681491777,1274.4885568681955,0.06353238359972202,0.11635093815149408,24.95066018068103,56.960852443826724,Recurring Bottleneck,39.102645668743406
R0098,4317,2326,0.5388000926569377,1330,28.296576326152422,1218.7978225619643,0.05678021774380357,0.1384185777160065,17.142506370164465,53.88000926569377,Recurring Bottleneck,39.01282169061097
R0346,4317,2103,0.4871438498957609,1281,28.623861477878158,1689.2284225156359,0.04587215659022469,0.17320384526291407,12.251494093120224,48.71438498957609,Recurring Bottleneck,38.70865144672828
R0123,4317,2512,0.5818855686819551,1360,37.32007412555015,1957.60440120454,0.06699990734306231,0.10043386611072504,43.30528144544822,58.188556868195505,Recurring Bottleneck,38.628121120400046
R0344,4317,2497,0.5784109335186473,1355,46.7535510771369,645.2763493166551,0.06492786657400973,0.10260782951123466,13.25971739634005,57.84109335186473,Recurring Bottleneck,38.55508719565069
R0113,4317,2348,0.5438962242297892,1313,28.250539726662034,1222.4404215890665,0.05831709520500347,0.12588047255038223,18.098239518183924,54.389622422978924,Recurring Bottleneck,38.37446212100585
R0193,4317,2199,0.5093815149409312,1293,37.980664813527916,1163.7549687282835,0.05048318276580959,0.14860435487607135,11.271484827426454,50.93815149409312,Recurring Bottleneck,38.11603326659216
R0130,4317,2066,0.47857308315960156,1251,28.67107945332407,1106.3839935140145,0.044297359277275884,0.16823511697938381,4.969122075515404,47.857308315960154,Recurring Bottleneck,37.860644708735414
R0403,4317,2222,0.5147092888580033,1310,28.47027333796618,1171.3435255964791,0.05098767662728747,0.13965879082696317,9.28804725503822,51.470928885800326,Recurring Bottleneck,37.72741388607497
R0303,4317,2125,0.4922399814686125,1269,28.608999305072967,1126.9700486448924,0.04636703729441742,0.15093212879314338,7.69323604354876,49.22399814686125,Recurring Bottleneck,37.30985375879121
R0206,4317,2419,0.5603428306694463,1323,28.407301366689833,601.8873291637711,0.053090664813527914,0.10190687977762335,9.64188093583507,56.03428306694463,Recurring Bottleneck,37.24405545110272
R0137,4317,2401,0.5561732684734769,1338,37.50562659254112,1247.6994903868429,0.0623591382904795,0.10065624276117675,20.548575399583044,55.61732684734769,Recurring Bottleneck,37.219942036185344
R0293,4317,2516,0.5828121380588371,1351,46.6802362751911,1297.590294185777,0.06639413944869121,0.0788082001389854,28.762404447533008,58.281213805883716,Recurring Bottleneck,37.036223723902474
R0174,4317,1990,0.4609682649988418,1241,28.697268936761642,1090.888742182071,0.043425225851285616,0.1657301366689831,5.924021311095668,46.09682649988418,Recurring Bottleneck,36.76658312909969
R0109,4317,2335,0.5408848737549224,1318,56.45916840398425,1847.6716933055363,0.05901410701876303,0.10370905721565903,28.88181607597869,54.08848737549224,Recurring Bottleneck,36.58386816609658
R0282,4317,2209,0.5116979383831365,1310,28.51374102385916,1146.0156358582349,0.04954239054899236,0.12563632151957377,8.14945564049108,51.16979383831365,Recurring Bottleneck,36.48301649767291
R0218,4317,2287,0.5297660412323373,1320,56.62451007644198,1796.8598563817466,0.05625848969191568,0.10999258744498495,22.55867500579106,52.97660412323373,Recurring Bottleneck,36.415978826372154
R0023,4317,2128,0.492934908501274,1276,38.124489228631,1683.6574704656011,0.04688790826963169,0.13748830206161688,10.576326152420663,49.293490850127405,Recurring Bottleneck,36.35310305786164
R0252,4317,2455,0.5686819550613852,1307,56.63492008339124,615.4698170025481,0.05608536020384526,0.07465716933055364,11.488209404679175,56.86819550613852,Recurring Bottleneck,35.70948323799955
R0379,4317,2476,0.5735464442900162,1352,56.16504517025712,1917.6596942321057,0.0639156590224693,0.0662550382209868,37.6893907806347,57.354644429001624,Recurring Bottleneck,35.55818419761593
R0082,4317,2199,0.5093815149409312,1295,28.47899235580264,1166.729974519342,0.05069965253648367,0.11342807505211952,10.190039379198518,50.93815149409312,Recurring Bottleneck,35.48735155982061
R0125,4317,2204,0.5105397266620338,1293,28.492038452629142,1165.5738244151032,0.050267431086402595,0.11161408385452862,10.016099142923327,51.053972666203386,Recurring Bottleneck,35.396403198552896
R0321,4317,1986,0.4600416956219597,1247,28.76357192494788,537.2162844567987,0.041212508686587906,0.14793652999768359,1.8517257354644427,46.00416956219597,Recurring Bottleneck,35.320893025538766
R0133,4317,2329,0.5394950196895992,1328,56.455575631225386,1844.1379661802177,0.05907343062311791,0.08769330553625203,26.307736854296966,53.94950196895992,Recurring Bottleneck,35.31636026786525
R0377,4317,2346,0.5434329395413482,1341,37.74386611072504,1828.7111188325227,0.05640296502200602,0.08525364836692148,22.145517720639333,54.34329395413482,Recurring Bottleneck,35.25037920420116
R0069,4317,2246,0.5202687051192958,1298,47.325297660412325,1171.5878851053974,0.05349210099606208,0.10155964790363678,12.500023164234422,52.02687051192958,Recurring Bottleneck,35.226379928152205
R0239,4317,2424,0.561501042390549,1343,46.91666898309011,629.461686356266,0.06166622654621265,0.06810076441973592,11.418786194116285,56.1501042390549,Recurring Bottleneck,35.02670080998442
R0285,4317,2152,0.4984943247625666,1286,47.591721102617555,1147.24269168404,0.0481663886958536,0.11369654852907111,8.609798471160529,49.84943247625666,Recurring Bottleneck,34.88710640488637
R0420,4317,2196,0.5086865879082696,1300,47.47994672226083,1164.8461663192033,0.050401227704424366,0.10236599490386843,9.95272179754459,50.868658790826956,Recurring Bottleneck,34.61495408895122
R0148,4317,2070,0.4794996525364837,1253,28.602948807041926,561.0989112809822,0.04656877461199907,0.12008570766736158,3.781792911744267,47.94996525364837,Recurring Bottleneck,34.368078201225515
R0291,4317,2160,0.5003474635163307,1279,47.567850359045636,1723.2349316655086,0.048643085476025014,0.10439657169330553,14.357238823256893,50.034746351633075,Recurring Bottleneck,34.29737107604204
R0426,4317,2159,0.5001158211721103,1290,38.117815612693995,1704.9355107713689,0.04705448227936067,0.1016963168867269,12.135047486680564,50.01158211721103,Recurring Bottleneck,34.03584551168163
R0241,4317,2224,0.5151725735464443,1284,56.925362520268706,1174.1079453324069,0.05124417419504285,0.08625596479036368,11.997590919620107,51.51725735464443,Recurring Bottleneck,33.75768414154605
R0101,4317,1977,0.45795691452397497,1228,28.779050266388698,1067.4867268936762,0.040699490386842715,0.12705744730136667,3.671461663192032,45.7956914523975,Recurring Bottleneck,33.63713970758092
R0280,4317,2235,0.51772063933287,1306,37.8994347926801,590.5379661802177,0.05251651609914292,0.0792031503358814,5.791406069029419,51.77206393328701,Recurring Bottleneck,33.39490716131174
R0070,4317,2076,0.4808895066018068,1267,47.702270094973365,1109.7412091730369,0.045955293027565444,0.10636252026870512,7.336043548760713,48.08895066018068,Recurring Bottleneck,33.39111540917004
R0012,4317,2255,0.5223534862172805,1297,37.9273106323836,1178.675469075747,0.051817790132036134,0.07283414408153811,11.21614547139217,52.23534862172805,Recurring Bottleneck,33.12846361803455
R0079,4317,2161,0.5005791058605513,1286,57.17846652768126,1139.3992587444984,0.0470257354644429,0.08602154273801252,6.546513782719481,50.05791058605513,Recurring Bottleneck,32.883896235166596
R0279,4317,2055,0.4760250173731758,1258,47.8157794764883,1097.1413249942088,0.043686101459346774,0.09928515172573546,4.744799629372249,47.60250173731758,Recurring Bottleneck,32.54962524300773
R0311,4317,2033,0.4709288858003243,1245,38.187794764883016,1104.9037989344451,0.04530697243456104,0.10154042158906648,7.071600648598563,47.09288858003243,Recurring Bottleneck,32.51239479617496
R0100,4317,2273,0.5265230484132499,1318,47.25159369932824,596.1449154505444,0.0549681723419041,0.057825341672457724,7.200231642344221,52.65230484132499,Recurring Bottleneck,32.30709231538612
R0115,4317,2212,0.512392865415798,1309,47.38182070882557,1750.8919388464212,0.05236370164466064,0.06359532082464675,19.035209636321518,51.2392865415798,Recurring Bottleneck,31.954697977792822
R0419,4317,2006,0.4646745425063702,1239,47.93058373870743,541.2681260134352,0.04138688904331712,0.09740236275191105,1.929580727356961,46.46745425063702,Recurring Bottleneck,31.772078945925884
R0136,4317,1810,0.4192726430391476,1167,28.884227472782026,1531.385892981237,0.03719091962010656,0.1286782487838777,2.9375260597637247,41.927264303914754,Recurring Bottleneck,31.71908880983069
R0116,4317,2034,0.47116052814454484,1197,38.400217743803566,1078.0676395645123,0.039997104470697244,0.09166550845494557,6.843734074588835,47.116052814454484,Recurring Bottleneck,31.62491725400472
R0296,4317,2193,0.5079916608756081,1284,56.88198054204309,1751.6829511234653,0.051967407922168175,0.059963168867268934,19.43027565438962,50.799166087560806,Recurring Bottleneck,31.450651975259238
R0284,4317,2026,0.46930738939078065,1250,38.26942552698633,1082.1611304146397,0.04326497567755386,0.0878024090803799,4.0855455177206395,46.93073893907807,Recurring Bottleneck,31.3408984253465
R0220,4317,2011,0.4658327542274728,1233,38.266557794764886,1085.6681491776699,0.04333798934445217,0.0892494788047255,5.813968033356498,46.58327542274728,Recurring Bottleneck,31.277762034660416
R0288,4317,2045,0.4737085939309706,1239,38.234994208941394,555.0175353254575,0.04412485522353486,0.08176441973592773,2.4777160064859856,47.37085939309706,Recurring Bottleneck,31.13442854258131
R0011,4317,2103,0.4871438498957609,1263,47.72617326847348,1118.5775306926107,0.045476465137827195,0.07153092425295343,6.616794069955988,48.71438498957609,Recurring Bottleneck,31.080113383853202
R0392,4317,2043,0.47324530924252955,1264,28.669101227704424,1096.2421820708826,0.044362983553393555,0.08073639101227705,4.817998610145935,47.324530924252954,Recurring Bottleneck,31.041394999536948
R0287,4317,1985,0.45981005327773916,1236,38.343954134815846,1081.219921241603,0.04140277970813065,0.09074774148714385,3.5033356497567754,45.981005327773914,Recurring Bottleneck,31.03081069567194
R0266,4317,1949,0.4514709288858003,1222,28.766912207551538,1593.1806347000231,0.04110583738707436,0.09619666435024322,7.36004169562196,45.14709288858003,Recurring Bottleneck,31.01314371158538
R0022,4317,2055,0.4760250173731758,1251,47.85497336113042,1096.9465137827194,0.04290016214964095,0.0786286773222145,4.585846652768126,47.60250173731758,Recurring Bottleneck,30.978599700559684
R0128,4317,1915,0.4435950891823025,1232,38.41950428538337,1054.0804262219135,0.039511350474866806,0.101546212647672,3.7700023164234424,44.35950891823025,Recurring Bottleneck,30.972270134550406
R0118,4317,1818,0.42112578179291177,1158,28.91294417419504,1021.4667593236044,0.03623398193189715,0.1169492703266157,3.181306462821404,42.11257817929118,Recurring Bottleneck,30.90437960236071
R0343,4317,2009,0.46536946953903174,1234,28.65718322909428,554.8194347926801,0.044762589761408386,0.08011350474866806,3.9601806810284916,46.536946953903175,Recurring Bottleneck,30.61292865367707
R0299,4317,2102,0.4869122075515404,1262,57.17123233727125,565.6212647671995,0.04714788047255038,0.06475561732684736,4.675214269168404,48.69122075515404,Recurring Bottleneck,30.611112240993254
R0104,4317,2174,0.5035904563354181,1297,57.07530460968265,1709.6387074357192,0.04874563354181144,0.052217975445911516,12.373824415103082,50.35904563354181,Recurring Bottleneck,30.553719506426656
R0318,4317,1945,0.45054435950891825,1232,48.001924947880475,1060.6833217512162,0.03996119990734306,0.08961037757702109,3.354806578642576,45.05443595089182,Recurring Bottleneck,30.43907478077741
R0081,4317,2081,0.48204771832290944,1274,47.73794764883021,559.0258744498494,0.04524042158906648,0.06605119295807273,3.092911744266852,48.204771832290945,Recurring Bottleneck,30.407720028287365
R0404,4317,1889,0.4375723882325689,1209,28.89036599490387,1032.527333796618,0.036987838776928426,0.09688858003242994,1.796038915913829,43.75723882325689,Recurring Bottleneck,30.24651049810782
R0094,4317,2108,0.48830206161686357,1268,38.171373639101226,1119.8824646745425,0.0457171183692379,0.05860574473013667,6.0909659485754,48.830206161686355,Recurring Bottleneck,30.176974026744492
R0290,4317,2054,0.4757933750289553,1238,57.237324530924255,1122.0310632383598,0.04604371091035441,0.06530460968264999,7.758721334259903,47.57933750289553,Recurring Bottleneck,30.063172428784018
R0301,4317,2085,0.4829742876997915,1262,47.68287699791522,1121.612508686588,0.04634218207088256,0.05620847810979847,8.220685661338893,48.29742876997915,Recurring Bottleneck,29.749749775175133
R0265,4317,2100,0.4864489228630994,1277,47.59256428075052,1691.025573314802,0.048145332406763955,0.05290317350011582,13.388024090803798,48.64489228630994,Recurring Bottleneck,29.729964335689544
R0173,4317,2002,0.46374797312948807,1237,57.35160064859856,1097.8102154273802,0.044140653231410705,0.06937757702107945,6.586286773222145,46.37479731294881,Recurring Bottleneck,29.70893055977925
R0150,4317,1991,0.4611999073430623,1236,47.831674774148716,1091.3843409775307,0.043365369469539033,0.06556011118832523,5.858003242992819,46.119990734306235,Recurring Bottleneck,29.27228929559691
R0294,4317,1984,0.45957841093351864,1199,57.778719017836465,1583.7112578179292,0.03702184387305999,0.06876164002779708,8.486842714848274,45.95784109335187,Recurring Bottleneck,29.240746215985652
R0240,4317,1747,0.4046791753532546,1152,28.97053509381515,1002.5315960157518,0.03431681723419041,0.10485198054204309,2.7546907574704655,40.46791753532546,Recurring Bottleneck,29.11828485985053
R0322,4317,1869,0.43293954134815843,1200,38.51883252258513,1543.2132036136206,0.037027750752837624,0.08321334259902712,2.4842483205930046,43.29395413481584,Recurring Bottleneck,28.991606561773708
R0389,4317,1860,0.4308547602501737,1195,28.847725272179755,1570.6809126708363,0.03840889506601807,0.0804063006717628,6.012253880009266,43.08547602501737,Recurring Bottleneck,28.71851669545827
R0315,4317,1990,0.4609682649988418,1231,38.293481584433636,542.5486217280519,0.042662080148251104,0.05855339356034283,1.9856613388927498,46.09682649988418,Recurring Bottleneck,28.714711243484846
R0171,4317,1857,0.43015983321751217,1181,48.11041000694927,1023.6100301135048,0.037793490850127405,0.08000903405142461,3.0072272411396805,43.015983321751214,Recurring Bottleneck,28.635547611927453
R0117,4317,1879,0.43525596479036366,1194,48.060637016446606,524.881121148946,0.03878895066018068,0.075848737549224,2.0378735232800556,43.525596479036366,Recurring Bottleneck,28.608555901278905
R0300,4317,1725,0.39958304378040305,1132,28.981392170488764,998.4437572388233,0.033954111651609914,0.10134561037757703,2.5174195042853835,39.9583043780403,Recurring Bottleneck,28.589922895504316
R0126,4317,1783,0.41301829974519344,1171,28.92914987259671,1024.9616631920314,0.035693884642112574,0.0912383599722029,1.7254111651609916,41.30182997451934,Recurring Bottleneck,28.556710080931
R0278,4317,1586,0.3673847579337503,1070,29.03291174426685,476.65438962242297,0.032236622654621266,0.12145633541811443,0.33819782256196435,36.73847579337503,Recurring Bottleneck,28.435047339350707
R0331,4317,1861,0.43108640259439424,1189,48.16185545517721,518.1109566828816,0.036761408385452866,0.07478132962705583,0.7794533240676396,43.108640259439426,Recurring Bottleneck,28.25928833386247
R0355,4317,1899,0.43988881167477417,1206,57.68544359508918,1572.6441047023395,0.03857627982395182,0.06629997683576558,3.5975445911512627,43.988881167477416,Recurring Bottleneck,28.118487696701028
R0305,4317,1948,0.4512392865415798,1211,38.340778318276584,1068.7747278202455,0.04148318276580959,0.05686611072504054,4.9120454018994675,45.12392865415798,Recurring Bottleneck,28.066495253441964
R0106,4317,1846,0.4276117674310864,1186,57.796770905721566,514.0257586286774,0.036719596942321055,0.07112555015056751,1.5860319666435025,42.76117674310864,Recurring Bottleneck,27.810435250038967
R0110,4317,1769,0.4097753069261061,1166,48.198283530229325,1011.5534167245771,0.03603558026407227,0.08269237896687515,2.76986333101691,40.97753069261061,Recurring Bottleneck,27.76460255306826
R0289,4317,1652,0.38267315265230484,1110,29.042543432939542,973.9892286309937,0.03191637711373639,0.10094973361130415,2.139819318971508,38.267315265230486,Recurring Bottleneck,27.653639816278343
R0107,4317,1592,0.3687746119990734,1091,29.108473476951588,476.37989344452166,0.029716585591846187,0.11094301598332175,0.18952976604123234,36.877461199907344,Recurring Bottleneck,27.641350104122292
R0159,4317,1733,0.40143618253416724,1081,29.076300671762798,976.8156126940005,0.030788255733148022,0.0859154505443595,2.6614083854528605,40.143618253416726,Recurring Bottleneck,27.431677946714476
R0099,4317,1999,0.4630530460968265,1236,57.392800555941626,1629.1095668288162,0.04345415798007876,0.03784364141765115,5.830391475561733,46.30530460968265,Recurring Bottleneck,27.291274051962315
R0127,4317,1905,0.4412786657400973,1218,38.41825341672458,530.4968264998842,0.03954433634468381,0.05370465601111883,1.2272411396803335,44.12786657400973,Recurring Bottleneck,27.27346340219991
R0219,4317,1563,0.36205698401667824,1074,29.079599258744498,944.7347695158675,0.030681422283993513,0.1099210099606208,1.7536715311558955,36.205698401667824,Recurring Bottleneck,27.257851828438938
R0264,4317,1865,0.43201297197127636,1198,57.6817836460505,1034.1744266851981,0.03863639101227704,0.059213805883715546,3.4110956682881635,43.20129719712764,Recurring Bottleneck,27.19564967082929
R0134,4317,1724,0.39935140143618253,1162,38.62018068102849,1494.492378966875,0.03449439425526986,0.07998795459810053,1.8097984711605282,39.935140143618256,Recurring Bottleneck,26.994573990850046
R0149,4317,1790,0.41463979615473706,1162,38.57679406995599,504.80567523743343,0.03558195506138522,0.06699050266388695,0.7366689830901089,41.463979615473704,Recurring Bottleneck,26.817936836574397
R0135,4317,1845,0.4273801250868659,1193,57.72131804493861,1032.970257123002,0.03797785499189252,0.05704540189946722,1.6772758860319668,42.73801250868659,Recurring Bottleneck,26.78180866445428
R0138,4317,1844,0.42714848274264533,1178,48.14470697243456,1015.6172573546445,0.03710586055130878,0.054755385684503124,1.5830669446374797,42.71484827426453,Recurring Bottleneck,26.57251374306819
R0194,4317,1867,0.4324762566597174,1213,57.749478804725506,1037.6250173731758,0.03750931202223766,0.05038313643734074,3.3912670836228864,43.24762566597174,Recurring Bottleneck,26.52346579219149
R0162,4317,1660,0.38452629140606903,1081,29.108735232800555,961.3224693073894,0.02970741255501506,0.08480356729210099,2.201366689830901,38.4526291406069,Recurring Bottleneck,26.47046310603211
R0401,4317,1831,0.42413713226777855,1196,48.172360435487604,1536.615635858235,0.03655425063701644,0.055500810748204774,2.8843178132962706,42.41371322677786,Recurring Bottleneck,26.461240270726886
R0297,4317,1809,0.41904100069492706,1130,48.412439193884644,998.983924021311,0.03175116979383831,0.06046745425063702,2.851841556636553,41.904100069492706,Recurring Bottleneck,26.434409570481147
R0160,4317,1807,0.41857771600648597,1124,48.367743803567286,999.507088255733,0.03264526291406069,0.059514014361825344,3.2043085476025017,41.8577716006486,Recurring Bottleneck,26.366642676655317
R0390,4317,1896,0.43919388464211256,1190,57.65942784340977,1581.9434792680102,0.039010354412786656,0.04295343988881167,5.746490618485058,43.91938846421126,Recurring Bottleneck,26.347794405725217
R0024,4317,1659,0.3842946490618485,1108,29.041343525596478,958.5873059995367,0.031957076673615935,0.08078086634236738,1.8988417882788973,38.429464906184855,Recurring Bottleneck,26.225016583666903
R0357,4317,1749,0.40514246004169563,1165,48.31030808431782,496.65028955293025,0.03379381514940931,0.06514686124623581,0.49488070419272645,40.514246004169564,Recurring Bottleneck,26.15131233003774
R0121,4317,1776,0.41139680333564976,1166,38.59989807736854,1011.5016214964096,0.03499935140143618,0.05353092425295344,2.852189020152884,41.139680333564975,Recurring Bottleneck,25.630005891659252
R0147,4317,1642,0.3803567292100996,1110,38.74178596247394,1449.0982626824184,0.03145793375028955,0.07530553625202686,0.6449849432476257,38.03567292100996,Recurring Bottleneck,25.602970542250432
R0112,4317,1854,0.4294649061848506,1182,57.77274959462589,1545.167894371091,0.0371205930044012,0.03369284225156358,5.679383831364373,42.946490618485065,Recurring Bottleneck,25.11090950153094
R0105,4317,1480,0.3428306694463748,1034,29.17927495946259,922.3510771369007,0.027357146166319204,0.09327356960852444,0.1517257354644429,34.28306694463748,Recurring Bottleneck,24.949690947709904
R0320,4317,1706,0.3951818392402131,1121,48.34874913134121,978.5825573314803,0.03302719481121149,0.0557685892981237,0.8485985638174659,39.51818392402131,Recurring Bottleneck,24.92772415440928
R0067,4317,1460,0.33819782256196435,1016,29.145376418809356,1360.404933981932,0.02848735232800556,0.0935508454945564,2.0354412786657403,33.81978225619643,Recurring Bottleneck,24.772726476205253
R0196,4317,1604,0.37155432012971973,1104,48.44513782719481,482.5373639101228,0.031096363215195738,0.06828028723650684,0.9745193421357424,37.15543201297197,Recurring Bottleneck,24.625717467100667
R0034,4317,1605,0.37178596247394025,1093,29.109803104007412,953.8983785035904,0.029671253185082232,0.06735950891823025,0.3010655547834144,37.178596247394026,Recurring Bottleneck,24.525567620697764
R0425,4317,1752,0.4058373870743572,1148,38.64109798471161,998.1987722955755,0.03397171646977067,0.04248181607597869,0.8286309937456566,40.58373870743572,Recurring Bottleneck,24.493479431241024
R0356,4317,1748,0.4049108176974751,1134,48.27360898772296,1506.474310864026,0.03452652304841325,0.042814454482279364,2.058026407227241,40.49108176974751,Recurring Bottleneck,24.488714243945463
R0129,4317,1644,0.38082001389854064,1092,38.726578642575866,972.2400046328468,0.03183662265462127,0.05740236275191105,0.4974982626824183,38.082001389854064,Recurring Bottleneck,24.29630729699206
R0306,4317,1690,0.3914755617326847,1121,57.95749362983553,982.4067407922169,0.03404232105628909,0.047894139448691225,2.1507991660875607,39.14755617326847,Recurring Bottleneck,24.1829620135093
R0033,4317,1704,0.39471855455177207,1151,58.039587676627285,989.4165624276118,0.032674241371322674,0.045591382904795,0.8088024090803799,39.471855455177206,Recurring Bottleneck,24.131561871208927
R0131,4317,1679,0.38892749594625897,1115,58.03581653926338,973.93907806347,0.03273641417651147,0.042098447996293725,0.6437572388232569,38.8927495946259,Recurring Bottleneck,23.58220638797899
R0057,4317,1538,0.35626592541116514,1055,29.147169330553627,1398.9137363910122,0.028426685198054205,0.06244591151262451,0.24718554551772062,35.626592541116516,Recurring Bottleneck,23.34413428935302
R0333,4317,1595,0.369469539031735,1099,29.08082927959231,962.2754227472782,0.030638498957609454,0.051976140838545286,0.3860319666435024,36.9469539031735,Recurring Bottleneck,23.286342943623414
R0432,4317,1671,0.3870743571924948,1102,38.77481121148946,964.9663886958535,0.030628584665276813,0.03934491545054436,0.5010423905489924,38.707435719249474,Recurring Bottleneck,23.220037995484542
R0208,4317,1576,0.3650683344915451,1025,58.32513319434793,930.632823720176,0.02791373639101228,0.05425411165160991,1.7143386611072504,36.506833449154506,Recurring Bottleneck,23.15519044819344
R0251,4317,1508,0.34931665508454945,984,38.90561501042391,915.8883483900858,0.027359717396340053,0.06478063470002317,1.4759091962010655,34.93166550845495,Recurring Bottleneck,23.139563862608398
R0009,4317,1632,0.3780403057678944,1100,48.47994440583739,479.9418346073662,0.030401181375955523,0.04406902941857772,0.19585360203845262,37.80403057678944,Recurring Bottleneck,23.115412909805954
R0095,4317,1514,0.3507065091498726,1048,48.58491545054436,466.8901088719018,0.028300370627750756,0.06224206624971045,0.12117211026175585,35.07065091498726,Recurring Bottleneck,23.047103291208153
R0103,4317,1615,0.3741023859161455,1094,58.15199675700718,478.212786657401,0.030800440120454017,0.04393351864720871,0.15443595089182305,37.41023859161455,Recurring Bottleneck,22.920343102777196
R0111,4317,1624,0.3761871670141302,1089,38.76060227009497,482.5438035672921,0.030988603196664355,0.04142506370164466,0.9956451239286541,37.61871670141302,Recurring Bottleneck,22.8423100843043
R0242,4317,1441,0.3337966180217744,1010,29.214966411860086,911.2552930275655,0.02616784804262219,0.07025596479036368,0.07857308315960158,33.37966180217744,Recurring Bottleneck,22.73798168998735
R0431,4317,1507,0.34908501274032894,1038,29.172682418346074,931.6566828816308,0.027576372480889507,0.05717442668519805,0.1406763956451239,34.90850127403289,Recurring Bottleneck,22.564674261138165
R0263,4317,1392,0.3224461431549687,975,38.93427148482743,898.1016678248784,0.02664269168403984,0.07499305072967338,0.9617790132036136,32.244614315496875,Recurring Bottleneck,22.53957461499155
R0010,4317,1457,0.33750289552930274,1019,29.222138058837157,906.7904563354181,0.025930553625202687,0.06520245540884874,0.011443131804493861,33.750289552930276,Recurring Bottleneck,22.537601008138573
R0056,4317,1526,0.3534862172805189,1060,38.87740792216817,929.5716469770674,0.02806668983090109,0.051967570071809126,0.22019921241602966,35.34862172805189,Recurring Bottleneck,22.40938051672166
R0295,4317,1510,0.3497799397729905,1047,48.54775306926106,466.66631920315035,0.029045656706045867,0.050550613852212184,0.6878387769284225,34.97799397729905,Recurring Bottleneck,22.1472865960775
R0093,4317,1497,0.3467685892981237,1059,58.287681260134356,465.68158443363444,0.028538220986796387,0.049295575631225386,0.13342599027102153,34.67685892981237,Recurring Bottleneck,21.88747678199802
R0319,4317,1403,0.32499420894139447,992,38.94049339819318,1351.5271484827426,0.026486865879082697,0.06281190641649294,0.10722724113968032,32.49942089413945,Recurring Bottleneck,21.74977182015261
R0308,4317,1552,0.3595089182302525,1057,58.23067871206857,942.6627750752838,0.02948950660180681,0.036820477183229096,1.4625897614083854,35.95089182302525,Recurring Bottleneck,21.618479374343973
R0358,4317,1407,0.3259207783182766,989,29.22915682186704,900.2117211026175,0.025695205003474633,0.06042876997915218,0.03166550845494556,32.59207783182766,Recurring Bottleneck,21.593821536447738
R0122,4317,1482,0.34329395413481584,1034,38.92219596942321,1377.4721334259903,0.026944961779013205,0.04767894371091036,0.1080148251100301,34.329395413481585,Recurring Bottleneck,21.544839804314414
R0283,4317,1447,0.3351864720870975,1017,48.60515867500579,452.1338197822562,0.027898077368542967,0.051552466990965946,0.01980542043085476,33.51864720870975,Recurring Bottleneck,21.458238087311354
R0292,4317,1426,0.33032198285846653,1014,38.9721241602965,902.365971739634,0.025698239518183924,0.05470303451470929,0.020731989807736856,33.032198285846654,Recurring Bottleneck,21.38503831213655
R0334,4317,1353,0.3134120917303683,961,29.259427843409775,885.0625434329395,0.024685360203845264,0.06480611535788743,0.0507528376187167,31.341209173036834,Recurring Bottleneck,21.266013822620888
R0021,4317,1356,0.3141070187630299,951,39.02171646977067,887.1389622422979,0.024458049571461665,0.06348390085707667,0.1579105860551309,31.410701876302987,Recurring Bottleneck,21.194889230942408
R0310,4317,1503,0.3481584433634468,1036,58.282934908501275,461.3028723650683,0.02861772063933287,0.03708385452860783,0.08447996293722493,34.81584433634468,Recurring Bottleneck,21.044532552633086
R0097,4317,1230,0.2849200833912439,902,29.310583738707436,1275.6854296965485,0.022983344915450545,0.07707065091498726,0.0,28.492008339124393,Potential Bottleneck,20.709131381194357
R0132,4317,1287,0.29812369701181374,919,39.02276117674311,861.9325920778318,0.024432916377113735,0.06175075283761871,0.022029186935371786,29.812369701181375,Potential Bottleneck,20.265133083551124
R0036,4317,1425,0.330090340514246,1005,48.68552003706278,1361.9570303451471,0.02629135974056057,0.03952629140606903,0.13926337734537875,33.0090340514246,Recurring Bottleneck,20.25430790890039
R0055,4317,1390,0.3219828584665277,999,48.75225851285615,893.4809358350707,0.02495499189251795,0.044257354644429,0.11014593467685893,32.198285846652766,Recurring Bottleneck,20.163262948985096
R0307,4317,1454,0.3368079684966412,1023,48.65470465601111,909.3463979615474,0.026905976372480888,0.030329858698170026,1.3185545517720638,33.68079684966412,Recurring Bottleneck,19.919691482884517
R0217,4317,1330,0.30808431781329626,957,48.706360898772296,879.1885568681955,0.025873940236275192,0.04780611535788742,0.9343988881167478,30.808431781329627,Recurring Bottleneck,19.76175420631556
R0035,4317,1423,0.329627055825805,989,58.45421589066481,1349.6036136205698,0.025763863794301598,0.03257308315960157,0.18204771832290942,32.9627055825805,Recurring Bottleneck,19.694430112170597
R0380,4317,1442,0.3340282603659949,1005,48.69632615242067,903.7972666203382,0.026074658327542275,0.029211489460273337,0.14454482279360667,33.40282603659949,Recurring Bottleneck,19.671985658635133
R0298,4317,1435,0.33240676395645125,1014,58.391276349316655,909.0179291174427,0.02681183692378967,0.025541811443131803,1.3780866342367384,33.240676395645124,Recurring Bottleneck,19.33811802631954
R0253,4317,1319,0.3055362520268705,871,48.83032893212879,877.0565902246931,0.02339367616400278,0.04264280750521195,0.9680796849664118,30.55362520268705,Recurring Bottleneck,19.173141889966313
R0314,4317,1298,0.30067176279823954,933,48.82914987259671,1298.6106092193652,0.023416840398424833,0.041019689599258745,0.0,30.067176279823954,Recurring Bottleneck,18.809019024847256
R0313,4317,1246,0.2886263608987723,915,48.857136900625434,425.72997451934214,0.02285621959694232,0.04799003937919852,0.007458883483900858,28.86263608987723,Potential Bottleneck,18.712103120828786
R0332,4317,1253,0.290247857308316,913,48.878292795923095,857.6573083159602,0.02243386611072504,0.04534977993977299,0.008061153578874217,29.0247857308316,Potential Bottleneck,18.582716444247854
R0316,4317,1330,0.30808431781329626,964,48.809233263840625,436.43226777854994,0.023816933055362522,0.028687746119990733,0.0063470002316423435,30.808431781329627,Recurring Bottleneck,18.267821362422605
R0378,4317,1371,0.31758165392633775,971,58.51885337039611,885.0871901783646,0.024686541579800787,0.021542738012508687,0.07963863794301598,31.758165392633774,Recurring Bottleneck,18.23351935429683
R0120,4317,1152,0.26685198054204307,790,29.37907343062312,840.2313643734074,0.020696895992587446,0.0562777391707204,0.7416724577252722,26.685198054204307,Potential Bottleneck,18.17946441862451
R0309,4317,1289,0.2985869817002548,921,48.77453787352328,1295.9759555246699,0.024508848737549223,0.03157261987491314,1.611883252258513,29.858698170025484,Potential Bottleneck,18.02982781727309
R0207,4317,1319,0.3055362520268705,899,48.80035209636321,880.5587213342599,0.023993143386611075,0.023683344915450544,1.003567292100996,30.55362520268705,Recurring Bottleneck,17.770807520347397
R0205,4317,1267,0.2934908501274033,875,48.83812369701181,1301.429627055826,0.023237665045170254,0.02950891823025249,1.4247162381283298,29.34908501274033,Potential Bottleneck,17.582286757774092
R0002,4317,971,0.22492471623812832,737,29.476337734537875,1015.0637943015984,0.01745540884873755,0.06512763493166551,0.0,22.492471623812833,Potential Bottleneck,16.648832641655584
R0161,4317,1039,0.24067639564512394,714,39.22375028955293,812.4847347695159,0.019407296733842946,0.03146652768126014,0.4967801714153347,24.067639564512394,Potential Bottleneck,14.973304224211292
R0168,4317,921,0.21334259902710215,660,39.14520731989808,952.9760250173732,0.021370164466064396,0.04892355802640723,0.5382209867963864,21.334259902710215,Potential Bottleneck,14.973266457777662
R0050,4317,946,0.21913365763261525,709,39.31363215195738,1007.9962473940236,0.017160157516794068,0.04472365068334492,0.0,21.913365763261524,Potential Bottleneck,14.821889712001731
R0415,4317,810,0.18763029881862406,619,29.47075283761872,958.006856613389,0.017641139680333567,0.06551563585823489,0.0,18.763029881862405,Potential Bottleneck,14.818750176141492
R0372,4317,988,0.22886263608987722,735,39.20439888811675,1017.6099142923326,0.019891243919388464,0.035697706740792215,0.0,22.886263608987722,Potential Bottleneck,14.714106801152552
R0170,4317,967,0.22399814686124622,720,49.08763493166551,677.0206856613388,0.01824797312948807,0.03737317581653926,0.45471392170488767,22.39981468612462,Potential Bottleneck,14.547099352473108
R0274,4317,814,0.18855686819550613,629,29.524389622422976,322.22967338429464,0.015856219596942323,0.059807041927264305,0.0,18.855686819550613,Potential Bottleneck,14.383880686801284
R0013,4317,945,0.21890201528839473,718,29.473974982626824,1011.081677090572,0.017535070650914985,0.03877600185313875,0.0,21.890201528839473,Potential Bottleneck,14.375996210511063
R0084,4317,884,0.20477183229094278,663,39.29026638869585,658.8451702571231,0.017745842019921243,0.047808663423673854,0.0,20.47718322909428,Potential Bottleneck,14.352477868056907
R0373,4317,865,0.20037062775075284,640,29.482311790595322,328.98397034977995,0.017254713921704887,0.05053578874218207,0.0,20.037062775075285,Potential Bottleneck,14.32198211158294
R0142,4317,967,0.22399814686124622,730,39.29979152189021,339.2346536946954,0.01750562890896456,0.033489691915682185,0.0,22.39981468612462,Potential Bottleneck,14.233903923884576
R0398,4317,876,0.2029186935371786,660,29.51312717164698,652.3895992587445,0.016232244614315498,0.04675700718091267,0.0,20.29186935371786,Potential Bottleneck,14.135629831167618
R0003,4317,962,0.2228399351401436,734,29.478299745193418,675.3170488765347,0.017391429233263842,0.032568681955061386,0.0,22.283993514014362,Potential Bottleneck,14.1035713317252
R0369,4317,814,0.18855686819550613,614,29.5206532314107,638.7513551077137,0.015979337502895527,0.055736391012277044,0.0,18.855686819550613,Potential Bottleneck,14.08262779886992
R0209,4317,916,0.21218438730599953,692,29.464910817697476,333.3623812832986,0.017839170720407693,0.03866990965948575,0.09485753995830438,21.218438730599953,Potential Bottleneck,14.041290083282016
R0407,4317,846,0.1959694232105629,637,29.52041927264304,326.0230252490155,0.01598783877692842,0.04970789900393792,0.0,19.59694232105629,Potential Bottleneck,14.001895569720105
R0038,4317,908,0.21033124855223534,685,49.10738012508686,664.0957841093352,0.017852165855918464,0.03861709520500348,0.0,21.033124855223534,Potential Bottleneck,13.945066487684791
R0046,4317,949,0.2198285846652768,714,58.96659949038684,673.3004169562196,0.017223048413249942,0.03210516562427612,0.0,21.98285846652768,Potential Bottleneck,13.913228784869805
R0323,4317,931,0.21565902246930738,697,39.31165392633773,672.058559184619,0.017207597868890433,0.031740792216817235,0.0,21.565902246930737,Potential Bottleneck,13.676990696742141
R0088,4317,959,0.22214500810748206,717,58.860389159138286,1015.0274496177901,0.018994069955987954,0.02567292100996062,0.011558952976604123,22.214500810748206,Potential Bottleneck,13.600319092282101
R0413,4317,855,0.19805420430854762,635,29.48353949501969,325.9339124391939,0.017217535325457493,0.04013713226777855,0.0,19.805420430854763,Potential Bottleneck,13.426046550707701
R0203,4317,888,0.20569840166782488,678,39.3298355339356,994.8243919388465,0.01675564049108177,0.033803567292100996,0.4347000231642344,20.569840166782488,Potential Bottleneck,13.319930492928034
R0047,4317,881,0.2040769052582812,671,49.18098216353949,659.3570998378503,0.01637991660875608,0.035012045401899464,0.0,20.40769052582812,Potential Bottleneck,13.31811519707814
R0210,4317,853,0.19759091962010655,639,49.14578179291174,652.965971739634,0.017083391243919388,0.03826592541116516,0.22297892054667592,19.759091962010654,Potential Bottleneck,13.258679468713558
R0353,4317,935,0.21658559184618947,692,49.06825573314802,329.6584201992124,0.018635140143618254,0.024626824183460738,0.1599490386842715,21.658559184618948,Potential Bottleneck,13.233213682758144
R0062,4317,888,0.20569840166782488,668,49.18746583275423,988.9281908732917,0.01624829742876998,0.03268936761640028,0.0,20.569840166782488,Potential Bottleneck,13.221241680898268
R0228,4317,908,0.21033124855223534,676,39.32722029186935,999.6995135510771,0.016819921241602965,0.026709983785035904,0.0,21.033124855223534,Potential Bottleneck,13.022096583391368
R0381,4317,891,0.20639332870048646,676,59.00843409775307,652.2524901552003,0.016524924716238128,0.029045170257123002,0.0,20.639332870048648,Potential Bottleneck,12.991287524925955
R0007,4317,947,0.21936529997683576,718,49.15204540189947,671.470743571925,0.01695709983785036,0.0169457956914524,0.0,21.936529997683575,Potential Bottleneck,12.746445684691416
R0423,4317,824,0.19087329163771138,631,49.18973129488071,321.81378271948114,0.016205443595089183,0.035882788973824416,0.0,19.087329163771138,Potential Bottleneck,12.717930713848164
R0368,4317,853,0.19759091962010655,644,59.01286309937456,652.3580495714617,0.016452976604123235,0.030970349779939777,0.0,19.759091962010654,Potential Bottleneck,12.693230430257271
R0336,4317,883,0.20454018994672227,632,58.752214500810744,635.8248088950661,0.02079650220060227,0.024294880704192726,0.0,20.454018994672225,Potential Bottleneck,12.670917424673126
R0347,4317,843,0.19527449617790132,635,59.02608756080611,984.2617095205003,0.01623157285151726,0.029993745656706046,0.5482742645355572,19.527449617790133,Potential Bottleneck,12.497606380288936
R0144,4317,795,0.1841556636553162,607,39.346585591846186,637.3438035672922,0.016336761640027796,0.03707458883483901,0.0,18.415566365531618,Potential Bottleneck,12.475270672339622
R0327,4317,788,0.18253416724577254,605,29.543669214732454,638.306532314107,0.015213342599027103,0.037958767662728744,0.0,18.253416724577253,Potential Bottleneck,12.42673014995722
R0433,4317,732,0.1695621959694232,550,29.535054435950894,620.3737780866343,0.015495969423210564,0.04394301598332175,0.0,16.956219596942322,Potential Bottleneck,12.234910962554252
R0250,4317,901,0.2087097521426917,679,58.98544822793607,665.2942321056289,0.016911257817929116,0.0169728978457262,0.3349085012740329,20.87097521426917,Potential Bottleneck,12.214323347741828
R0342,4317,836,0.19365299976835765,640,59.05208941394487,964.5736622654621,0.015798123697011814,0.026524438267315265,0.0,19.365299976835765,Potential Bottleneck,12.143630366581478
R0183,4317,730,0.16909891128098217,555,29.510921936529996,617.5097289784572,0.01630261755848969,0.04068357655779477,0.0,16.909891128098216,Potential Bottleneck,11.991770382756657
R0271,4317,834,0.1931897150799166,656,59.03675005791059,971.3723419041,0.01605487607134584,0.023849200833912437,0.0,19.318971507991662,Potential Bottleneck,11.927757489390986
R0225,4317,863,0.19990734306231178,646,58.96997915218902,654.5125781792912,0.017168751447764655,0.01868218670372944,0.0,19.99073430623118,Potential Bottleneck,11.909976394980411
R0015,4317,872,0.2019921241602965,658,59.011183692378964,662.8596710678712,0.01648126013435256,0.01715960157516794,0.0,20.19921241602965,Potential Bottleneck,11.879528635006517
R0388,4317,865,0.20037062775075284,666,49.160785267546906,651.9752374334029,0.016786634236738474,0.01665485290711142,0.0,20.037062775075285,Potential Bottleneck,11.769802583249657
R0052,4317,784,0.18160759786889044,593,49.24189715079916,640.143803567292,0.015163053046096827,0.029478804725503824,0.0,18.160759786889045,Potential Bottleneck,11.743629878925965
R0414,4317,733,0.16979383831364372,552,39.37869585360203,934.9279823951819,0.015532870048644894,0.037135279129024784,0.0,16.979383831364373,Potential Bottleneck,11.737609175660463
R0166,4317,651,0.1507991660875608,495,29.56896919156822,904.4355339356034,0.014368195506138524,0.05025804957146166,0.1148714384989576,15.079916608756081,Potential Bottleneck,11.736007081845674
R0156,4317,723,0.1674774148714385,542,39.409210099606206,312.54438267315265,0.014771948112114894,0.03798146861246236,0.07085939309705813,16.74774148714385,Potential Bottleneck,11.662351302657209
R0083,4317,745,0.17257354644429002,567,39.366066712995135,622.7800324299282,0.01584977993977299,0.03175909196201066,0.0,17.257354644429,Potential Bottleneck,11.483353254310616
R0181,4317,762,0.17651146629603892,575,29.54846652768126,625.2948112114896,0.015054482279360668,0.029085012740328934,0.0,17.651146629603893,Potential Bottleneck,11.456065868700701
R0260,4317,717,0.16608756080611536,546,49.21951355107714,621.6993745656706,0.015609636321519573,0.035723882325689134,0.06569376882094047,16.608756080611535,Potential Bottleneck,11.448865711892866
R0066,4317,776,0.17975445911512625,598,59.07262682418346,637.4657632615242,0.01545744730136669,0.02524299281908733,0.25286078295112346,17.975445911512626,Potential Bottleneck,11.342485567304733
R0394,4317,850,0.19689599258744497,642,59.04022006022701,656.2076441973593,0.015997544591151262,0.013528607829511234,0.0,19.689599258744497,Potential Bottleneck,11.33820039183205
R0190,4317,751,0.17396340050961315,568,49.24091730368311,632.932707899004,0.015181190641649293,0.02862450776001853,0.22114894602733381,17.396340050961314,Potential Bottleneck,11.297965822331463
R0045,4317,708,0.16400277970813065,507,39.29871670141302,597.3688672689367,0.017533101690989112,0.03367245772527218,0.0,16.400277970813065,Potential Bottleneck,11.248651363495469
R0429,4317,801,0.18554551772063932,603,49.24693537178596,638.9364373407459,0.015061640027797082,0.016666898309010886,0.0,18.55455177206393,Potential Bottleneck,10.977699617855851
R0412,4317,734,0.17002548065786427,544,39.37616631920315,309.6041000694927,0.015596432707899005,0.026657632615242066,0.0,17.002548065786428,Potential Bottleneck,10.966181726932744
R0243,4317,760,0.17604818160759786,583,39.409951355107715,627.5403520963632,0.014751980542043085,0.022662265462126477,0.13488533703961084,17.604818160759788,Potential Bottleneck,10.94267654920949
R0335,4317,796,0.1843873059995367,601,59.06018763029881,641.0005559416261,0.015663354181144316,0.016644892286309936,0.0,18.438730599953672,Potential Bottleneck,10.936191909745162
R0031,4317,756,0.17512161223071576,574,59.12445911512625,628.9244845957841,0.014592355802640723,0.022646745425063702,0.0,17.512161223071576,Potential Bottleneck,10.890396678962784
R0029,4317,707,0.16377113736391014,541,39.435415798007874,623.6830437804031,0.014115334723187397,0.030245077600185317,0.0,16.377113736391014,Potential Bottleneck,10.877779433862983
R0145,4317,774,0.17929117442668518,567,49.21252721797545,627.6959925874451,0.015750266388695852,0.019094046791753534,0.0,17.92911744266852,Potential Bottleneck,10.867467263577788
R0016,4317,735,0.1702571230020848,558,59.13584201992124,628.1457261987491,0.01440317350011582,0.0253532545749363,0.0,17.02571230020848,Potential Bottleneck,10.844250634017701
R0182,4317,651,0.1507991660875608,489,39.4503729441742,603.823766504517,0.013741904100069492,0.037839240213110956,0.0,15.079916608756081,Potential Bottleneck,10.786882725767557
R0188,4317,600,0.13898540653231412,462,29.61635394950197,599.2420199212415,0.012788533703961085,0.0440970581422284,0.0,13.89854065323141,Normal Segment,10.636388245713139
R0224,4317,725,0.16794069955987956,562,49.200782951123465,933.7015751679407,0.015983321751216122,0.02323511697938383,0.19784572619874913,16.794069955987958,Potential Bottleneck,10.617156955522194
R0259,4317,744,0.1723419041000695,558,49.21319203150336,622.2675700718091,0.01573669214732453,0.020319203150335884,0.21899467222608296,17.23419041000695,Potential Bottleneck,10.611377185936929
R0348,4317,734,0.17002548065786427,557,39.40455640491082,631.0302061616864,0.014884155663655318,0.02195529302756544,0.2272643039147556,17.002548065786428,Potential Bottleneck,10.592545024907647
R0273,4317,756,0.17512161223071576,583,59.07638637943016,959.6962010655548,0.015393815149409313,0.01817164697706741,0.0,17.512161223071576,Potential Bottleneck,10.579195482031333
R0341,4317,664,0.1538105165624276,508,39.420720407690524,302.2317350011582,0.014485012740328932,0.03273731758165393,0.04591151262450776,15.38105165624276,Potential Bottleneck,10.577540981372929
R0200,4317,577,0.13365763261524208,439,29.622675469075745,589.9561037757702,0.012578248783877692,0.045274496177901316,0.020454018994672227,13.365763261524208,Normal Segment,10.451896924913036
R0382,4317,636,0.14732453092425296,475,39.457980078758396,605.7405374102385,0.013552976604123234,0.03545448227936066,0.0,14.732453092425295,Normal Segment,10.428832744584184
R0053,4317,693,0.16052814454482278,524,59.15758397034978,612.8610145934676,0.01404039842483206,0.024965253648366922,0.0,16.052814454482277,Potential Bottleneck,10.317851978382848
R0399,4317,708,0.16400277970813065,538,59.14419967570072,940.4306462821404,0.01426342367384758,0.02253972666203382,0.0,16.400277970813065,Potential Bottleneck,10.316569946284888
R0326,4317,714,0.16539263377345378,537,49.29810053277739,308.2805420430855,0.014038962242297892,0.02149594625897614,0.0,16.539263377345378,Potential Bottleneck,10.301135635743263
R0026,4317,723,0.1674774148714385,552,59.14094741718786,625.3110493398193,0.014318902015288395,0.019357887421820708,0.0,16.74774148714385,Potential Bottleneck,10.253603561362235
R0014,4317,717,0.16608756080611536,558,39.43641649293491,617.9225851285614,0.014090896455872132,0.01947324530924253,0.0,16.608756080611535,Potential Bottleneck,10.185912546415437
R0146,4317,718,0.16631920315033588,548,49.24088719017836,625.2011813759556,0.015182649988417882,0.0188137595552467,0.0,16.63192031503359,Potential Bottleneck,10.180842929291673
R0338,4317,690,0.15983321751216123,538,39.4537757702108,616.9408617095205,0.013658304378040305,0.023570071809126708,0.0,15.983321751216122,Potential Bottleneck,10.167124947357213
R0180,4317,693,0.16052814454482278,522,49.22094741718786,612.1726198749132,0.015581630762103314,0.021347463516330784,0.0,16.052814454482277,Potential Bottleneck,10.093067878258719
R0363,4317,508,0.11767431086402594,388,29.620090340514245,286.27671994440584,0.012665948575399582,0.04990456335418114,0.0,11.767431086402594,Normal Segment,10.002216047514997
R0245,4317,673,0.15589529766041232,519,29.583013666898307,612.426615705351,0.01390011582117211,0.023749131341209175,0.1860551308779245,15.589529766041233,Potential Bottleneck,9.990897261906548
R0417,4317,629,0.14570303451470928,478,29.563451470928886,595.7887885105398,0.01455089182302525,0.028842714848274265,0.0,14.570303451470929,Normal Segment,9.882385199605741
R0063,4317,653,0.15126245077600187,491,59.128172341904104,600.1320824646746,0.014531549687282836,0.02506462821403753,0.0,15.126245077600187,Potential Bottleneck,9.876746317451255
R0411,4317,673,0.15589529766041232,487,59.11227472782025,907.419318971508,0.014796177901320363,0.020934676858929812,0.0,15.589529766041233,Potential Bottleneck,9.806938683573158
R0071,4317,647,0.1498725967106787,492,49.29002084781098,604.2848969191568,0.014198702802872365,0.0247257354644429,0.10523511697938383,14.987259671067871,Normal Segment,9.771880589150769
R0257,4317,637,0.14755617326847348,483,49.28217280518879,901.8244382673153,0.014356845031271716,0.025767894371091036,0.22351169793838313,14.755617326847348,Normal Segment,9.73887538289492
R0230,4317,690,0.15983321751216123,518,49.239075747046556,615.1887653463053,0.015221264767199445,0.01662821403752606,0.0,15.983321751216122,Potential Bottleneck,9.69397537812404
R0337,4317,590,0.13666898309010886,447,29.619022469307392,597.8000000000001,0.012698170025480657,0.03176673615936993,0.0,13.666898309010886,Normal Segment,9.594149442221704
R0189,4317,656,0.15195737780866342,505,39.45134584201992,304.7289089645587,0.013715357887421821,0.02067685892981237,0.0,15.195737780866342,Potential Bottleneck,9.558304065009809
R0275,4317,619,0.14338661107250406,480,49.32712995135511,601.4477878156127,0.013458651841556637,0.025449849432476256,0.0,14.338661107250406,Normal Segment,9.479625639945485
R0201,4317,538,0.12462358119064165,406,29.61998841788279,292.98031040074125,0.012671762798239517,0.03800370627750753,0.005327773917072041,12.462358119064165,Normal Segment,9.458319958979775
R0428,4317,574,0.1329627055825805,444,39.51139217048876,882.9070419272643,0.012217442668519806,0.03220685661338893,0.0,13.29627055825805,Normal Segment,9.427384679255958
R0229,4317,612,0.14176511466296038,475,39.44452397498263,597.9899930507296,0.013887444984943247,0.024666666666666667,0.0,14.176511466296038,Normal Segment,9.35274370593989
R0434,4317,605,0.14014361825341673,453,59.18416261292564,875.0826499884179,0.01359694232105629,0.02544637479731295,0.0,14.014361825341673,Normal Segment,9.321364416535692
R0214,4317,621,0.1438498957609451,467,29.592842251563585,906.5255501505675,0.013571809126708363,0.02292193652999768,0.0567292100996062,14.384989576094508,Normal Segment,9.316809964957312
R0267,4317,590,0.13666898309010886,451,49.355455177206395,592.7079916608756,0.01289131341209173,0.027980542043085477,0.05279129024785731,13.666898309010886,Normal Segment,9.316306953378886
R0339,4317,644,0.14917766967801716,493,49.293546444290016,609.990502663887,0.014130298818624045,0.01879129024785731,0.08318276580959,14.917766967801715,Normal Segment,9.290512467680557
R0075,4317,676,0.1565902246930739,512,59.167528376187164,608.7183692378967,0.013874102385916146,0.013701413018299746,0.0,15.65902246930739,Potential Bottleneck,9.272154160486519
R0054,4317,554,0.12832985869817,420,29.628010192263144,875.185892981237,0.012400694927032661,0.03298586981700255,0.0,12.832985869817001,Normal Segment,9.25959845441233
R0367,4317,538,0.12462358119064165,421,29.630616168635626,289.6118137595552,0.01231568218670373,0.03474889969886495,0.0,12.462358119064165,Normal Segment,9.203808813653671
R0354,4317,669,0.15496872828353023,505,49.32978457261987,918.214987259671,0.013404980310400742,0.01307922168172342,0.0,15.496872828353023,Potential Bottleneck,9.13039519018652
R0186,4317,610,0.14130182997451934,461,59.13498957609451,294.15642807505213,0.014415751679406995,0.019097753069261064,0.0,14.130182997451934,Normal Segment,8.928242249653943
R0221,4317,505,0.11697938383136437,385,39.48679638637943,285.12316423442206,0.01283205930044012,0.03570535093815149,0.0,11.697938383136437,Normal Segment,8.908741302707375
R0030,4317,553,0.1280982163539495,423,29.63633773453787,586.069817002548,0.01212290942784341,0.027670836228862634,0.0,12.80982163539495,Normal Segment,8.841515372000961
R0272,4317,543,0.12578179291174427,422,29.625508454945564,584.5239054899235,0.012480426221913365,0.028858698170025482,0.0,12.578179291174427,Normal Segment,8.825406516890052
R0405,4317,532,0.1232337271253185,402,29.63833912439194,582.0984711605282,0.012056706045865184,0.030179522816770905,0.0,12.323372712531851,Normal Segment,8.784239127891198
R0364,4317,587,0.1359740560574473,461,39.46969423210563,593.1838776928422,0.013257123002084781,0.020105165624276118,0.0,13.597405605744731,Normal Segment,8.702563424078935
R0216,4317,439,0.10169098911280983,325,29.657361593699328,839.4679870280287,0.011420477183229093,0.040535557099837846,0.04927032661570535,10.169098911280983,Normal Segment,8.463821417688452
R0042,4317,577,0.13365763261524208,448,59.178698170025484,591.4248783877694,0.013689413944869121,0.018290016214964094,0.0,13.365763261524208,Normal Segment,8.46373191081832
R0092,4317,550,0.12740328932128794,420,39.49338197822562,585.3274264535557,0.012664164929349084,0.022723882325689136,0.0,12.740328932128794,Normal Segment,8.452413397149904
R0179,4317,583,0.1350474866805652,432,49.296692147324535,587.7808663423674,0.01406703729441742,0.017036136205698403,0.0,13.504748668056521,Normal Segment,8.450620861425746
R0027,4317,583,0.1350474866805652,435,49.34345147092888,889.9627055825805,0.013131433866110726,0.014909427843409775,0.0,13.504748668056521,Normal Segment,8.263233739118595
R0175,4317,548,0.12694000463284688,405,49.30381746583275,871.9574936298355,0.013925434329395414,0.019147787815612695,0.0,12.694000463284688,Normal Segment,8.199189736571979
R0044,4317,544,0.12601343525596478,421,49.31945564049108,585.2575631225387,0.013610099606208015,0.018347926801019227,0.0,12.601343525596478,Normal Segment,8.08348089336824
R0064,4317,537,0.12439193884642112,406,59.18938151494093,577.8216353949502,0.013510655547834144,0.018360203845262914,0.037850359045633546,12.439193884642112,Normal Segment,8.000342466642646
R0151,4317,492,0.11396803335649756,371,49.40769284225156,577.0666203381978,0.011846606439657171,0.025226777854991892,0.07741487143849896,11.396803335649757,Normal Segment,7.9436243349334
R0019,4317,511,0.11836923789668752,392,39.53523743340283,570.9174426685198,0.011620894139448692,0.021282603659949037,0.0,11.836923789668752,Normal Segment,7.8614415728178635
R0430,4317,467,0.10817697475098448,356,39.55642807505212,567.9720407690526,0.011091568218670373,0.028122538800092658,0.0,10.817697475098448,Normal Segment,7.848351644831738
R0091,4317,442,0.10238591614547139,322,29.65417187861941,281.00173731758167,0.011528167709057216,0.031638869585360205,0.0,10.23859161454714,Normal Segment,7.835317101769778
R0268,4317,559,0.12948807041927266,431,59.2522886263609,588.2830669446374,0.012462126476719943,0.01315056752374334,0.0,12.948807041927266,Normal Segment,7.833421443753116
R0153,4317,466,0.10794533240676396,350,29.659763724808894,846.9810979847116,0.011344567987028029,0.027692378966875146,0.01172110261755849,10.794533240676396,Normal Segment,7.812134771827808
R0061,4317,404,0.0935835070650915,314,29.69178596247394,549.4739634005097,0.010274982626824185,0.03742158906648135,0.0,9.35835070650915,Normal Segment,7.790804450228599
R0198,4317,453,0.10493398193189715,345,29.665478341440814,558.1727125318508,0.011152490155200371,0.028472550382209867,0.026546212647671992,10.493398193189716,Normal Segment,7.7142502303646205
R0152,4317,482,0.11165160991429234,369,49.421294880704195,573.394510076442,0.011575816539263378,0.022138290479499653,0.004285383368079685,11.165160991429234,Normal Segment,7.588310280925925
R0001,4317,493,0.1141996757007181,383,59.30522816770906,862.2734074588834,0.011581167477414871,0.020318739865647438,0.0,11.41996757007181,Normal Segment,7.5795653196266795
R0037,4317,510,0.11813759555246699,378,39.49094741718786,286.4901783646051,0.01272719481121149,0.016791058605513085,0.0,11.8137595552467,Normal Segment,7.546571426713905
R0238,4317,531,0.12300208478109799,394,59.20656242761177,577.0749826268242,0.013225573314801946,0.013151725735464444,0.0,12.300208478109798,Normal Segment,7.532112332600314
R0185,4317,508,0.11767431086402594,384,59.27936993282372,577.2790132036137,0.012010099606208014,0.016831596015751682,0.0,11.767431086402594,Normal Segment,7.504931132613281
R0424,4317,498,0.11535788742182071,376,49.41784804262219,855.264164929349,0.011643710910354413,0.01707088255733148,0.0,11.53578874218207,Normal Segment,7.3960440753708
R0261,4317,415,0.09613157285151726,320,39.56051424600417,555.2080843178132,0.010988232568913597,0.030091035441278665,0.01063238359972203,9.613157285151726,Normal Segment,7.3904483170233
R0362,4317,461,0.10678712068566133,353,49.43955293027565,842.874148714385,0.011207644197359277,0.021955061385221217,0.0,10.678712068566133,Normal Segment,7.320314329185925
R0330,4317,520,0.12045401899467223,386,49.38004864489229,573.6022932592078,0.012398239518183925,0.011990039379198517,0.0,12.045401899467223,Normal Segment,7.292863119067708
R0400,4317,516,0.11952744961779013,397,49.411823025249014,580.6307621033125,0.011762056984016679,0.012556173268473476,0.0,11.952744961779013,Normal Segment,7.269860206063876
R0384,4317,444,0.10284920083391244,344,39.56265230484132,562.0396108408617,0.010931758165392633,0.02170813064628214,0.0,10.284920083391244,Normal Segment,7.096643326847174
R0349,4317,502,0.1162844567987028,384,59.301751216122305,573.9341440815382,0.011636854296965485,0.012106787120685662,0.05320824646745425,11.62844567987028,Normal Segment,7.070289426470698
R0141,4317,485,0.1123465369469539,371,59.32185777160065,570.5887653463053,0.01130192263145703,0.01405767894371091,0.0,11.23465369469539,Normal Segment,7.009493483250844
R0140,4317,386,0.08941394486912208,286,39.55603428306694,543.2648366921472,0.011101088719017837,0.028701413018299746,0.0,8.941394486912207,Normal Segment,6.953851219362529
R0077,4317,390,0.09034051424600417,286,29.68620569840167,275.7205698401668,0.010463539495019691,0.025748204771832293,0.0,9.034051424600417,Normal Segment,6.759818250254863
R0032,4317,388,0.08987722955756312,296,39.58448459578411,819.590178364605,0.01038962242297892,0.0258566133889275,0.0,8.987722955756313,Normal Segment,6.7425577650926005
R0192,4317,294,0.06810284920083391,207,29.68586286773222,519.3742645355571,0.010471901783646051,0.040115589529766044,0.0,6.810284920083391,Normal Segment,6.724495948657087
R0008,4317,417,0.0965948575399583,326,49.47470233958768,551.2985869817003,0.010506347000231642,0.02080935835070651,0.0,9.659485753995831,Normal Segment,6.703833711140085
R0085,4317,481,0.1114199675700718,369,49.43960389159138,567.9850822330322,0.01121162844567987,0.010473708593930972,0.0,11.141996757007181,Normal Segment,6.691968674504549
R0276,4317,429,0.09937456567060458,333,59.33706972434561,553.9582812138059,0.011047533009034051,0.016703961084086172,0.0,9.937456567060458,Normal Segment,6.5515053044223395
R0385,4317,442,0.10238591614547139,336,39.55560111188325,553.3094278434097,0.011111327310632383,0.014011582117211025,0.0,10.23859161454714,Normal Segment,6.502291312135779
R0006,4317,442,0.10238591614547139,328,39.57815149409312,830.8660643965717,0.01054730136668983,0.013524438267315265,0.0,10.23859161454714,Normal Segment,6.448876916791027
R0329,4317,361,0.08362288626360899,269,39.58608524438267,535.9444058373871,0.010349339819318971,0.025279360667129953,0.0,8.362288626360899,Normal Segment,6.385388140530471
R0270,4317,450,0.10423905489923559,344,59.299423210562885,281.64739402362756,0.011677299050266389,0.010693537178596248,0.0,10.423905489923559,Normal Segment,6.363361272537388
R0222,4317,400,0.0926569376882094,289,39.536272874681494,819.7479962937225,0.011594950196895992,0.017572851517257352,0.0,9.26569376882094,Normal Segment,6.297137984165404
R0211,4317,364,0.08431781329627056,223,59.15351633078527,519.7574704656012,0.014107922168172343,0.01950034746351633,0.0,8.431781329627055,Normal Segment,6.099966257647456
R0204,4317,287,0.06648135279129025,210,29.728322909427842,776.9678480426222,0.009055339356034284,0.03296641186008802,0.0,6.648135279129025,Normal Segment,6.065354829632054
R0048,4317,419,0.09705814222839936,320,49.46988881167478,558.6196664350243,0.010604262219133657,0.011751216122307158,0.0,9.705814222839935,Normal Segment,6.051358892284555
R0212,4317,327,0.07574704656011119,220,29.632807505211954,497.95290711142,0.012243247625665973,0.02476140838545286,0.0,7.574704656011119,Normal Segment,6.00961180720115
R0350,4317,421,0.0975214269168404,322,59.363597405605745,551.1044243687745,0.010606092193653,0.009609914292332638,0.04549455640491081,9.75214269168404,Normal Segment,5.914165759754486
R0383,4317,415,0.09613157285151726,318,59.357085939309705,557.9510539726663,0.010715010423905491,0.010143386611072504,0.0,9.613157285151726,Normal Segment,5.887904844961273
R0060,4317,400,0.0926569376882094,307,59.37030345147093,274.59006254343296,0.010494649061848505,0.012247394023627518,0.0,9.26569376882094,Normal Segment,5.865180659368062
R0387,4317,314,0.07273569608524438,223,29.69657400972898,524.5331480194579,0.010115844336344684,0.025570766736159368,0.0,7.273569608524438,Normal Segment,5.855853995472658
R0202,4317,370,0.0857076673615937,277,59.37240213110957,540.4807041927264,0.010459207783182765,0.01607319898077369,0.0,8.57076673615937,Normal Segment,5.803258079099209
R0139,4317,320,0.07412555015056753,226,39.59356729210099,522.325086865879,0.010162937224924715,0.023728283530229325,0.0,7.4125550150567525,Normal Segment,5.788732747484383
R0325,4317,384,0.08895066018068103,278,49.46926337734538,550.5214269168404,0.010612601343525596,0.013243224461431549,0.0,8.895066018068103,Normal Segment,5.758006426905493
R0155,4317,392,0.09080379893444522,298,59.35004864489229,549.4011350474867,0.010834167245772526,0.01168566133889275,0.0015983321751216124,9.080379893444523,Normal Segment,5.740627944663478
R0418,4317,258,0.059763724808895066,187,39.581878619411626,760.5657632615242,0.010452165855918462,0.03201644660643966,0.0,5.9763724808895065,Normal Segment,5.7002130693387905
R0051,4317,339,0.07852675469075747,250,39.61002548065787,806.5783646050497,0.009749455640491081,0.01782696316886727,0.0,7.852675469075747,Normal Segment,5.554300373196496
R0262,4317,325,0.07528376187167014,228,59.38630530460968,266.3098447996294,0.010227194811211489,0.01976511466296039,0.004818160759786889,7.528376187167014,Normal Segment,5.551676484948391
R0073,4317,330,0.07644197359277276,236,39.57736622654621,532.4026638869585,0.010565855918461894,0.01746027333796618,0.0,7.644197359277276,Normal Segment,5.447083333411036
R0232,4317,219,0.05072967338429465,155,29.731306462821404,490.74248320593,0.008959555246699098,0.03482024554088487,0.0,5.072967338429465,Normal Segment,5.41377437692608
R0043,4317,266,0.06161686356265925,194,59.34512161223072,507.3171646977068,0.01091443131804494,0.026201992124160297,0.0,6.161686356265926,Normal Segment,5.3711572381368455
R0089,4317,284,0.06578642575862868,213,39.55567060458652,510.51262450776,0.011109335186472087,0.023126476719944406,0.0,6.578642575862868,Normal Segment,5.355085053973623
R0248,4317,331,0.07667361593699329,241,39.585056752374335,530.3915450544359,0.01037382441510308,0.01596363215195738,0.0,7.667361593699329,Normal Segment,5.3407859797923125
R0078,4317,301,0.06972434561037757,216,49.527014130183,523.156034283067,0.009461686356265925,0.020623117905953208,0.0,6.972434561037757,Normal Segment,5.3150163846957215
R0246,4317,304,0.07041927264303914,225,39.61666898309011,790.48737549224,0.00958408617095205,0.019825341672457725,0.0,7.041927264303914,Normal Segment,5.293670576209621
R0361,4317,253,0.05860551308779245,183,29.73293027565439,255.22515635858235,0.00890349779939773,0.026758397034977996,0.0,5.860551308779245,Normal Segment,5.201943909546212
R0065,4317,356,0.08246467454250637,273,59.395353254574935,539.9725967106788,0.010078503590456334,0.010140838545286078,0.0,8.246467454250638,Normal Segment,5.185273840157615
R0244,4317,276,0.06393328700486449,196,39.63097521426917,515.499397729905,0.009228376187167014,0.022113968033356496,0.0,6.393328700486449,Normal Segment,5.130148847008723
R0231,4317,269,0.062311790595320826,201,49.50761408385453,513.4666435024322,0.009847949965253648,0.02293375028955293,0.0,6.231179059532082,Normal Segment,5.129073941089876
R0359,4317,302,0.0699559879545981,224,49.50909891128098,524.4486912207551,0.009819365299976835,0.01748575399583044,0.0,6.99559879545981,Normal Segment,5.102298176444143
R0163,4317,226,0.05235116979383831,158,29.740463284688442,490.03259207783185,0.00865429696548529,0.028368079684966414,0.0,5.2351169793838315,Normal Segment,5.002337569435019
R0059,4317,283,0.06555478341440815,208,29.72349548297429,259.14744035209634,0.009217164697706741,0.019325225851285616,0.0,6.555478341440815,Normal Segment,5.001973078683347
R0386,4317,298,0.06902941857771601,210,59.432119527449615,515.1290479499653,0.009464025943942554,0.01643525596479036,0.0,6.902941857771601,Normal Segment,4.966613115499578
R0167,4317,295,0.06833449154505443,215,49.515079916608755,257.7276349316655,0.009700579105860552,0.016732916377113737,0.0003242992819087329,6.833449154505443,Normal Segment,4.961262121386436
R0422,4317,325,0.07528376187167014,240,59.417331480194576,791.8311790595321,0.00971104933981932,0.011872828353022934,0.0,7.528376187167014,Normal Segment,4.944953877483262
R0374,4317,334,0.07736854296965485,236,59.38914060690294,530.5448227936067,0.010182534167245773,0.01010655547834144,0.0,7.736854296965485,Normal Segment,4.931019916659941
R0041,4317,291,0.06740792216817235,210,39.58889506601807,260.1646282140375,0.010278318276580958,0.015463053046096827,0.0,6.740792216817234,Normal Segment,4.837136009052847
R0226,4317,171,0.03961084086170952,118,29.741213805883714,239.92809821635393,0.008628492008339124,0.03357910586055131,0.0,3.9610840861709518,Normal Segment,4.754922822249043
R0165,4317,277,0.064164929349085,201,29.710569840166784,772.4077136900626,0.009648807041927264,0.015798934445216583,0.0,6.416492934908501,Normal Segment,4.681263058965854
R0164,4317,244,0.05652073198980773,171,29.72844567987028,499.39775306926106,0.009052930275654389,0.02041556636553162,0.0,5.652073198980774,Normal Segment,4.627024623314636
R0436,4317,208,0.04818160759786889,131,29.70617790132036,734.1971507991661,0.009795876766272875,0.02505767894371091,0.0,4.818160759786889,Normal Segment,4.580113377233473
R0237,4317,147,0.034051424600416956,79,29.73931665508455,676.6082001389855,0.008690989112809822,0.03429580727356961,0.0,3.4051424600416955,Normal Segment,4.532517483935232
R0187,4317,187,0.0433171183692379,133,29.762446143154968,491.11355107713695,0.007921218438730601,0.028344915450544357,0.0,4.33171183692379,Normal Segment,4.526907330132911
R0375,4317,252,0.05837387074357193,173,39.5840398424832,743.7787352328005,0.01040192263145703,0.015418809358350707,0.0,5.837387074357193,Normal Segment,4.385827122034464
R0365,4317,216,0.05003474635163308,149,39.64803104007412,245.1598100532777,0.008800162149640954,0.021419041000694927,0.0,5.003474635163308,Normal Segment,4.370316025137955
R0227,4317,289,0.0669446374797313,212,59.447303683113276,525.2321287931434,0.009211118832522586,0.00928746814917767,0.0,6.6944637479731295,Normal Segment,4.319321540274413
R0090,4317,205,0.04748668056520732,145,49.509631688672684,244.85920778318277,0.009807366226546212,0.021992819087329165,0.0,4.748668056520732,Normal Segment,4.316112543038033
R0177,4317,217,0.0502663886958536,141,39.59618948343757,736.239958304378,0.010097567755385685,0.019718554551772065,0.0,5.02663886958536,Normal Segment,4.293431036821201
R0269,4317,270,0.06254343293954134,193,49.52919851748899,761.9230252490156,0.009415659022469307,0.011355339356034283,0.0,6.254343293954134,Normal Segment,4.260308845256871
R0255,4317,237,0.05489923558026407,149,59.41996293722493,743.1572851517258,0.00966805652073199,0.015842946490618487,0.0,5.489923558026407,Normal Segment,4.221852948200898
R0169,4317,279,0.06462821403752605,193,49.53359045633542,511.2713921704888,0.009328700486448923,0.00943363446838082,0.0,6.4628214037526055,Normal Segment,4.217977638202153
R0410,4317,161,0.03729441741950429,99,29.76925179522817,477.59346768589296,0.007690873291637712,0.028273801250868657,0.0,3.7294417419504287,Normal Segment,4.21353451956624
R0408,4317,209,0.04841324994208941,141,49.58980542043086,737.5664813527912,0.008203636784804264,0.018173036831132732,0.0,4.841324994208941,Normal Segment,4.02817613539803
R0005,4317,255,0.05906879777623349,183,39.65021079453324,769.4128793143386,0.008745401899467223,0.010779708130646283,0.0,5.90687977762335,Normal Segment,4.023346863505652
R0072,4317,235,0.05443595089182302,156,59.46179522816771,495.48376187167014,0.008970720407690525,0.012881862404447534,0.0,5.443595089182303,Normal Segment,3.9559436629841636
R0154,4317,199,0.046096826499884176,131,39.67335649756776,489.6432707899004,0.008167778549918925,0.018669909659485753,0.0,4.609682649988418,Normal Segment,3.948501664420851
R0395,4317,219,0.05072967338429465,151,29.744762566597174,755.9823488533704,0.008509682649988418,0.015075515404215891,0.0,5.072967338429465,Normal Segment,3.921132726793334
R0074,4317,258,0.059763724808895066,162,59.44200370627751,749.1497104470697,0.009300069492703266,0.008408848737549225,0.0,5.9763724808895065,Normal Segment,3.8971240321578886
R0340,4317,197,0.045633541811443135,128,39.67841093351865,237.62916377113737,0.008040074125550151,0.018028955293027567,0.0,4.563354181144313,Normal Segment,3.8734902067721317
R0366,4317,209,0.04841324994208941,147,59.479312022237664,489.21968959925874,0.008678851053972666,0.01553463053046097,0.0,4.841324994208941,Normal Segment,3.844780495983043
R0435,4317,198,0.04586518415566365,126,49.5174588834839,476.32374334028265,0.00965214269168404,0.016485290711141996,0.0,4.586518415566365,Normal Segment,3.817793171331211
R0197,4317,206,0.047718322909427846,135,39.672443826731524,245.35661338892749,0.008190548992355804,0.015824878387769286,0.0,4.771832290942784,Normal Segment,3.817128545237633
R0393,4317,155,0.03590456335418114,95,29.78371785962474,471.010261755849,0.007209960620801482,0.023642112578179292,0.0,3.5904563354181143,Normal Segment,3.782638747899023
R0352,4317,204,0.0472550382209868,146,49.58140375260598,247.60708825573315,0.00837157748436414,0.015237665045170259,0.0,4.72550382209868,Normal Segment,3.7554049995453433
R0247,4317,156,0.03613620569840167,90,29.761633078526756,469.22200602270095,0.007949525133194349,0.022719249478804725,0.0,3.6136205698401667,Normal Segment,3.7472729596670584
R0028,4317,196,0.04540189946722261,123,49.58563354181144,479.4431549687283,0.008288047255038221,0.016347231873986564,0.0,4.540189946722261,Normal Segment,3.7433636126838787
R0360,4317,196,0.04540189946722261,136,29.750127403289323,731.3381978225619,0.008335742413713227,0.01599583043780403,0.0,4.540189946722261,Normal Segment,3.7184697803166147
R0176,4317,190,0.044012045401899465,108,49.526492934908504,714.582047718323,0.00947018763029882,0.016037989344452167,0.0,4.401204540189947,Normal Segment,3.686168701878419
R0328,4317,193,0.04470697243456104,131,29.765457493629835,485.4529302756544,0.007818137595552468,0.016234190410006948,0.0,4.470697243456104,Normal Segment,3.6860516473913254
R0020,4317,200,0.0463284688441047,137,59.501797544591156,485.3402594394255,0.008302965022006023,0.014789668751447766,0.0,4.63284688441047,Normal Segment,3.673457217539386
R0157,4317,160,0.037062775075283765,96,29.781074820477183,236.03636784804263,0.007299490386842715,0.02125272179754459,0.0,3.7062775075283763,Normal Segment,3.66423776634191
R0143,4317,187,0.0433171183692379,117,39.64548529071114,490.45848969191564,0.0088636553161918,0.015682186703729444,0.0,4.33171183692379,Normal Segment,3.6065719843634207
R0178,4317,208,0.04818160759786889,129,59.42823951818392,492.15140143618254,0.009530182997451935,0.011929580727356962,0.0,4.818160759786889,Normal Segment,3.5886716885823233
R0370,4317,198,0.04586518415566365,123,59.4928978457262,238.8769747509845,0.008451725735464443,0.013596015751679407,0.0,4.586518415566365,Normal Segment,3.5653351632764707
R0199,4317,215,0.04980310400741256,137,59.494734769515865,489.75698401667825,0.008421403752605977,0.010866110725040536,0.0,4.9803104007412555,Normal Segment,3.5568149454238056
R0416,4317,139,0.03219828584665277,77,39.62810979847116,449.2192494788047,0.009299490386842715,0.02188163076210331,0.0,3.2198285846652768,Normal Segment,3.5281270330258527
R0049,4317,160,0.037062775075283765,102,39.70007412555015,721.9261987491313,0.007499559879545981,0.019219828584665276,0.0,3.7062775075283763,Normal Segment,3.5179488463563198
R0396,4317,199,0.046096826499884176,137,39.67979847116053,738.9962473940236,0.008005744730136669,0.01162427611767431,0.0,4.609682649988418,Normal Segment,3.4158280699523154
R0040,4317,193,0.04470697243456104,135,49.60819782256196,736.9397961547371,0.007836066712995136,0.011736159369932823,0.0,4.470697243456104,Normal Segment,3.349626584433343
R0076,4317,166,0.0384526291406069,100,29.772376650451704,476.89142923326386,0.00758758397034978,0.015643039147556173,0.0,3.84526291406069,Normal Segment,3.3221327048212443
R0184,4317,177,0.04100069492703266,104,59.44217743803567,703.6922168172341,0.00929661802177438,0.013099837850359045,0.0,4.100069492703266,Normal Segment,3.3102870816226595
R0234,4317,177,0.04100069492703266,111,49.605147092888586,477.8770905721566,0.007898077368542969,0.013607366226546213,0.0,4.100069492703266,Normal Segment,3.306351553849306
R0235,4317,176,0.04076905258281214,112,59.47424137132268,242.69501968959926,0.008762705582580497,0.01340305767894371,0.0,4.076905258281214,Normal Segment,3.305402828842881
R0087,4317,161,0.03729441741950429,103,59.46814917766968,472.2195042853834,0.008864095436645819,0.01496965485290711,0.0,3.7294417419504287,Normal Segment,3.252071935082164
R0236,4317,159,0.03683113273106324,93,59.50356960852444,703.4798007875839,0.00827347695158675,0.014742182070882558,0.0,3.683113273106324,Normal Segment,3.1941483796223675
R0376,4317,151,0.03497799397729905,89,49.5336113041464,449.5290247857308,0.009329418577716008,0.015075978688904331,0.0,3.497799397729905,Normal Segment,3.1581755405207703
R0256,4317,168,0.03891591382904795,91,59.489807736854296,696.5173731758165,0.008503196664350244,0.012700949733611303,0.0,3.891591382904795,Normal Segment,3.152363308720818
R0213,4317,189,0.04378040305767894,116,59.51532545749363,485.64354876071343,0.00807889738244151,0.009450776001853138,0.0,4.378040305767894,Normal Segment,3.1393771271689657
R0351,4317,161,0.03729441741950429,98,59.5441765114663,234.45524669909662,0.007595969423210563,0.012758165392633773,0.0,3.7294417419504287,Normal Segment,3.04835789231498
R0004,4317,170,0.039379198517489,113,59.546038915913826,722.6678017141534,0.007566180217743804,0.01026106092193653,0.0,3.9379198517489,Normal Segment,2.9646366084038016
R0397,4317,154,0.03567292100996062,100,39.70272179754459,702.2394023627519,0.007431897150799166,0.011680565207319898,0.0,3.567292100996062,Normal Segment,2.881634176890769
R0427,4317,112,0.025943942552698634,60,29.809627055825807,668.6900857076674,0.006348297428769979,0.01860481816075979,0.0,2.5943942552698633,Normal Segment,2.8813968059499597
R0018,4317,158,0.036599490386842716,106,49.62853602038453,236.15343988881168,0.007430275654389623,0.010723882325689136,0.0,3.6599490386842715,Normal Segment,2.8562456041144175
R0158,4317,131,0.03034514709288858,75,29.800245540884873,452.71128098216354,0.006661917998610146,0.015054899235580265,0.0,3.034514709288858,Normal Segment,2.8449290447618742
R0409,4317,145,0.03358813991197591,83,39.7158675005791,461.47641880935834,0.007103381978225619,0.012630762103312486,0.0,3.3588139911975907,Normal Segment,2.8387221761070527
R0421,4317,145,0.03358813991197591,90,29.785260597637247,228.91917998610145,0.007159207783182766,0.012532082464674542,0.0,3.3588139911975907,Normal Segment,2.8330045199879215
R0371,4317,135,0.03127171646977067,72,49.58175121612231,448.56136205698397,0.008364234422052351,0.01336738475793375,0.0,3.127171646977067,Normal Segment,2.8159095074800145
R0223,4317,139,0.03219828584665277,69,39.67654389622423,220.99265693768822,0.008087560806115359,0.012516794069955988,0.0,3.2198285846652768,Normal Segment,2.7902171013119075
R0191,4317,125,0.02895529302756544,68,49.6115751679407,442.4678017141533,0.007769006254343294,0.013507065091498726,0.0,2.895529302756544,Normal Segment,2.6926954233232476
R0258,4317,148,0.03428306694463748,74,59.54088719017837,442.92422978920547,0.00765181839240213,0.009024090803798934,0.0,3.428306694463748,Normal Segment,2.6197334998124937
R0406,4317,127,0.029418577716006485,70,59.574287699791526,447.1341440815381,0.007096038915913829,0.01234514709288858,0.0,2.9418577716006484,Normal Segment,2.608627374156943
R0039,4317,110,0.025480657864257586,62,29.81041927264304,443.9584201992124,0.006321774380356729,0.014677785499189251,0.0,2.5480657864257585,Normal Segment,2.5632493910361207
R0017,4317,155,0.03590456335418114,100,59.555763261524206,471.65906879777623,0.007403752605976373,0.007250173731758165,0.0,3.5904563354181143,Normal Segment,2.5604761331026356
R0215,4317,133,0.030808431781329627,70,59.56136900625434,455.34468380820016,0.007310794533240676,0.010455177206393329,0.0,3.080843178132963,Normal Segment,2.542978617878707
R0233,4317,130,0.030113504748668057,64,39.72561269400046,666.8931433866111,0.006862056984016678,0.011063006717627983,0.0,3.0113504748668056,Normal Segment,2.5403047337192035
R0324,4317,145,0.03358813991197591,89,59.569499652536486,467.84290016214965,0.007176580958999305,0.007316423442205235,0.0,3.3588139911975907,Normal Segment,2.442802804673681
R0249,4317,130,0.030113504748668057,73,59.6105930044012,445.9811906416493,0.00649085012740329,0.008840861709520502,0.0,3.0113504748668056,Normal Segment,2.3627000220127297
R0086,4317,116,0.026870511929580728,62,59.60413944869122,454.10442436877463,0.006599119759091962,0.009319898077368544,0.0,2.687051192958073,Normal Segment,2.239684727741192
R0025,4317,116,0.026870511929580728,66,59.61714384989576,447.5172573546444,0.006380449386147788,0.006639564512392866,0.0,2.687051192958073,Normal Segment,2.032331633855128
